Participant,From,To,Duration,File,Function,Scenario,Something related to traffic,RPM,Speed,Brake,STD of interval time,eyes off the road (yes/no),Notes,Phone dimmed
P10,2815.3,2815.85,0.5499999999997272,,forward/backward,expressway,,,,,,yes,looking at the phone for feedback after interaction,yes
P10,2816.3,2816.85,0.5499999999997272,,others,expressway,,,,,,yes,looking at the phone,yes
P10,2819.0,2820.0,1.0,,forward/backward,expressway,,,,,,yes,looking at the phone for feedback after interaction,yes
P10,2820.4,2821.2,0.7999999999997272,,forward/backward,expressway,,,,,,yes,,yes
P10,2822.25,2823.05,0.8000000000001819,,forward/backward,expressway,,,,,,yes,looking at the phone for feedback after interaction,yes
P10,2854.75,2855.1,0.34999999999990905,,pause/play,expressway,,,,,,yes,looking at the phone for feedback after interaction,yes
P10,2855.75,2856.5,0.75,,others,expressway,,,,,,yes,looking at the phone,yes
P10,2857.1,2858.3,1.2000000000002728,,pause/play,expressway,,,,,,yes,looking at the phone for feedback after interaction,yes
P10,2859.25,2859.8,0.5500000000001819,,pause/play,expressway,,,,,,yes,looking at the phone for feedback after interaction,yes
P10,2000.25,2001.05,0.7999999999999545,,pause/play,expressway,,,,,,yes,,yes
P10,2901.35,2901.8,0.45000000000027285,,others,expressway,,,,,,yes,looking at the phone,yes
P10,2909.8,2909.8,0.0,,pause/play,expressway,,,,,,No,,yes
P10,3007.8,3009.2,1.3999999999996362,,forward/backward,expressway,,,,,,yes,looking at the phone for feedback after interaction,yes
P10,3009.6,3010.3,0.7000000000002728,,forward/backward,expressway,,,,,,yes,looking at the phone for feedback after interaction,yes
P10,3022.05,3023.9,1.849999999999909,,Vol-up/down,expressway,close to a car on the other lane,,,,,yes,,yes
P10,3024.75,3025.25,0.5,,pause/play,expressway,,,,,,yes,looking at the phone for feedback after interaction,yes
P10,3025.75,3026.3,0.5500000000001819,,pause/play,expressway,,,,,,yes,,yes
P10,3027.5,3028.8,1.300000000000182,,pause/play,expressway,,,,,,yes,looking at the phone for feedback before interaction,yes
P10,3030.0,3030.8,0.8000000000001819,,pause/play,expressway,,,,,,yes,looking at the phone for feedback after interaction,yes
P10,3144.85,3145.4,0.5500000000001819,,forward/backward,expressway,,,,,,yes,looking at the phone for feedback while interaction,yes
P10,3146.1,3147.0,0.900000000000091,,forward/backward,expressway,,,,,,yes,,yes
P10,3147.55,3148.85,1.2999999999997272,,forward/backward,expressway,,,,,,yes,,yes
P10,3453.75,3454.65,0.900000000000091,,others,urban,,,,,,yes,looking at the phone,yes
P10,3507.65,3507.9,0.25,,Vol-up/down,urban,,,,,,yes,looking at the phone for feedback while interaction,yes
P10,3508.5,3508.9,0.40000000000009095,,Vol-up/down,urban,,,,,,yes,looking at the phone for feedback after interaction,yes
P10,3559.25,3559.8,0.5500000000001819,,others,urban,very close to a turn about to make a turn,,,,,yes,looking at the phone,yes
P10,3619.25,3619.25,0.0,,Vol-up/down,urban,car was stopped before turn,,,,,No,,yes
P10,3701.75,3701.75,0.0,,Vol-up/down,urban,car was stopped before turn,,,,,No,,yes
P10,3720.9,3721.9,1.0,,others,urban,very close to a turn moving slowly ,,,,,yes,,yes
P10,3724.75,3729.45,4.699999999999818,,forward/backward,urban,very close to a turn moving slowly ,,,,,yes,looking at the phone for feedback while interaction,yes
P10,3731.6,3736.75,5.150000000000091,,forward/backward,urban,very close to a turn moving slowly ,,,,,yes,looking at the phone for feedback while interaction,yes
P10,3750.35,3750.7,0.34999999999990905,,others,urban,,,,,,yes,looking at the phone,yes
P10,3813.15,3814.05,0.900000000000091,,others,urban,very close to a turn moving slowly ,,,,,yes,looking at the phone,yes
P10,3817.0,3817.0,0.0,,Vol-up/down,urban,very close to a turn moving slowly ,,,,,No,,yes
P10,3900.4,3900.9,0.5,,others,urban,,,,,,yes,looking at the phone,yes
P10,3958.15,3958.75,0.599999999999909,,others,urban,,,,,,yes,looking at the phone--the reason was to check which song was palying as to an error for the sensors on the steering wheel while turning occured.,yes
P10,4029.6,4030.2,0.599999999999909,,forward/backward,urban,at the intersection,,,,,yes,looking at the phone for feedback after interaction,yes
P10,4032.45,4033.1,0.650000000000091,,forward/backward,urban,,,,,,yes,looking at the phone for feedback after interaction -- unsuccessul interaction,yes
P10,4048.7,4049.05,0.3500000000003638,,others,urban,,,,,,yes,looking at the phone,yes
P15,2206.05,2206.55,0.5,,Vol-up/down,expressway,,,,,,yes,looking at the sensors to locate his hand on it before interaction,No
P15,2209.0,2209.0,0.0,,Vol-up/down,expressway,,,,,,No,,No
P15,2214.0,2214.0,0.0,,forward/backward,expressway,,,,,,No,,No
P15,2218.3,2218.6,0.29999999999972715,,forward/backward,expressway,,,,,,yes,looking at the phone for feedback after interaction,No
P15,1122.0,1122.0,0.0,,Vol-up/down,expressway,,,,,,No,"one swipe down, three swipe up",No
P15,2259.0,2259.0,0.0,,pause/play,expressway,close to a car on the other lane,,,,,No,,No
P15,2300.0,2300.0,0.0,,pause/play,expressway,,,,,,No,,No
P15,2342.0,2342.0,0.0,,Vol-up/down,expressway,,,,,,No,one swipe up,No
P15,2344.7,2344.95,0.25,,forward/backward,expressway,,,,,,yes,looking at the phone for feedback while interaction,No
P15,2345.4,2347.0,1.599999999999909,,forward/backward,expressway,,,,,,yes,looking at the phone for feedback after interaction ,No
P15,2347.85,2348.65,0.8000000000001819,,others,expressway,,,,,,yes,looking at the phone,No
P15,2350.0,2350.0,0.0,,Vol-up/down,expressway,,,,,,no,four swipe up -- he asked how many times is needed to swipe (unsure about the range),No
P15,2420.95,2421.8,0.8500000000003638,,forward/backward,expressway,,,,,,yes,looking at the phone for feedback after interaction ,No
P15,2423.6,2425.15,1.550000000000182,,forward/backward,expressway,,,,,,yes,looking at the phone for feedback after interaction ,No
P15,2429.1,2429.9,0.8000000000001819,,forward/backward,expressway,,,,,,yes,looking at the phone for feedback after interaction,No
P15,2430.45,2430.85,0.40000000000009095,,forward/backward,expressway,,,,,,yes,,No
P15,2431.55,2432.8,1.25,,forward/backward,expressway,,,,,,yes,,No
P15,2443.45,2444.7,1.25,,others,expressway,,,,,,yes,looking at the phone because of song change as a result of error on sensors ,No
P15,2445.05,2446.35,1.2999999999997272,,others,expressway,,,,,,yes,,No
P15,2447.3,2448.5,1.199999999999818,,others,expressway,,,,,,yes,,No
P15,2453.3,2454.2,0.8999999999996362,,forward/backward,expressway,,,,,,yes,looking at the phone for feedback while interaction,No
P15,2458.0,2458.9,0.900000000000091,,others,expressway,,,,,,yes,looking at the phone,No
P15,2500.5,2501.0,0.5,,forward/backward,expressway,,,,,,yes,looking at the phone for feedback while interaction,No
P15,2501.5,2502.15,0.650000000000091,,forward/backward,expressway,,,,,,yes,looking at the phone for feedback after interaction,No
P15,2525.9,2526.15,0.25,,Vol-up/down,expressway,,,,,,yes,looking at the sensors to locate his hand on it before interaction - three swipe up,No
P15,2535.0,2535.0,0.0,,Vol-up/down,expressway,,,,,,No,one swipe up,No
P15,2728.0,2728.0,0.0,,Vol-up/down,urban,,,,,,no,two swipe up,No
P15,2738.0,2738.0,0.0,,forward/backward,urban,,,,,,no,,No
P15,2745.55,2746.1,0.5499999999997272,,forward/backward,urban,,,,,,yes,looking at the phone for feedback after interaction,No
P15,2829.0,2829.0,0.0,,pause/play,urban,,,,,,no,,No
P15,2856.0,2856.0,0.0,,pause/play,urban,,,,,,no,,No
P15,2918.0,2918.0,0.0,,forward/backward,urban,,,,,,no,,No
P15,2937.6,2938.15,0.5500000000001819,,Vol-up/down,urban, close to a turn moving slowly ,,,,,yes,"looking at the phone for feedback after interaction - one swipe down, two swipe up",No
P15,2941.75,2942.35,0.599999999999909,,forward/backward,urban,close to a turn,,,,,yes,looking at the phone for feedback after interaction,No
P15,3010.0,3010.0,0.0,,pause/play,urban,close to a turn,,,,,No,,No
P15,3024.0,3024.0,0.0,,pause/play,urban,,,,,,No,,No
P15,3029.0,3029.0,0.0,,pause/play,urban,,,,,,No,,No
P15,3035.0,3035.0,0.0,,pause/play,urban,"car was stopped before turn",,,,,no,unsuccessful gesture,No
P15,3036.05,3037.0,0.9499999999998181,,pause/play,urban,"car was stopped before turn",,,,,yes,looking at the phone for feedback after interaction ,No
P15,3040.25,3040.25,0.0,,forward/backward,urban,"car was stopped before turn",,,,,no,,No
P15,3040.3,3041.6,1.2999999999997272,,Vol-up/down,urban,"car was stopped before turn",,,,,yes,looking at the phone for feedback before interaction ,No
P15,3042.65,3043.25,0.599999999999909,,Vol-up/down,urban,"car was stopped before turn",,,,,yes,looking at the phone for feedback while interaction - one swipe,No
P15,3049.0,3049.0,0.0,,Vol-up/down,urban,car was stopped before turn,,,,,no,"two swipe down, three swipe up",No
P15,3112.0,3112.0,0.0,,forward/backward,urban,close to a turn,,,,,No,,No
P15,3113.5,3114.75,1.25,,forward/backward,urban, close to a turn moving slowly ,,,,,yes,backward function was activated ,No
P15,3115.55,3117.0,1.449999999999818,,forward/backward,urban,car was stopped before turn,,,,,yes,,No
P15,3129.0,3129.0,0.0,,pause/play,urban,car was stopped before turn,,,,,no,,No
P15,3131.0,3131.0,0.0,,pause/play,urban,car was stopped before turn,,,,,no,,No
P15,3145.0,3145.0,0.0,,forward/backward,urban,,,,,,no,,No
P15,3155.9,3156.75,0.849999999999909,,others,urban,,,,,,yes,looking at the phone,No
P15,3206.0,3206.0,0.0,,Vol-up/down,urban, close to a turn moving slowly ,,,,,No,"three swipe down, three swipe up",No
P15,3211.0,3211.0,0.0,,pause/play,urban,"car was stopped before turn",,,,,no,unsuccessful gesture,No
P15,3212.0,3212.0,0.0,,pause/play,urban,"car was stopped before turn",,,,,no,,No
P15,3220.0,3220.0,0.0,,pause/play,urban,at the intersection,,,,,no,unsuccessful gesture,No
P15,3221.0,3221.0,0.0,,pause/play,urban,at the intersection,,,,,no,,No
P15,3306.0,3306.0,0.0,,pause/play,urban,,,,,,No,,No
P18,2827.0,2827.0,0.0,,Vol-up/down,expressway,,,,,,no,five times swipe up - the song was paused,yes
P18,2831.9,2832.2,0.29999999999972715,,pause/play,expressway,,,,,,yes,looking at the phone for feedback before interaction -- the hand was still on the seat-belt,yes
P18,2833.5,2834.8,1.300000000000182,,pause/play,expressway,,,,,,yes,"looking at the phone for feedback after interaction--unsuccesul interaction, the hand was still on the seat-belt",yes
P18,2838.3,2840.1,1.7999999999997272,,pause/play,expressway,a car close on the other lane,,,,,yes,looking at the phone for feedback after interaction,yes
P18,2843.0,2843.0,0.0,,Vol-up/down,expressway,,,,,,no,two swipe up,yes
P18,2851.85,2852.85,1.0,,forward/backward,expressway,,,,,,yes,looking at the phone for feedback after interaction,yes
P18,2856.0,2856.0,0.0,,Vol-up/down,expressway,,,,,,no,one swipe down,yes
P18,2858.6,2859.5,0.900000000000091,,others,expressway,,,,,,yes,looking at the phone,yes
P18,2938.0,2938.0,0.0,,forward/backward,expressway,,,,,,no,,yes
P18,3011.65,3013.0,1.349999999999909,,forward/backward,expressway,,,,,,yes,unsuccessful gesture,yes
P18,3014.0,3015.6,1.599999999999909,,Vol-up/down,expressway,,,,,,yes,three swipe up-volume was max,yes
P18,3017.15,3019.25,2.099999999999909,,forward/backward,expressway,,,,,,yes,looking at the phone for feedback before and while interaction ,yes
P18,3021.05,3022.5,1.449999999999818,,forward/backward,expressway,,,,,,yes,looking at the phone for feedback after interaction ,yes
P18,3028.0,3029.15,1.150000000000091,,Vol-up/down,expressway,,,,,,yes,"looking at the phone for feedback after interaction-confused about the range and looked at the seat-belt, before looking swiped for 5 times up",yes
P18,3034.0,3034.0,0.0,,Vol-up/down,expressway,,,,,,no,"He relied on audio feedback to adjust the volume and didnt look at the phone, swiped 7 times in total ( 2 or 3 swipe down and 5 or 4 swipes up) -- his swipe gesture was so short",yes
P18,3043.55,3045.8,2.25,,others,expressway,,,,,,yes,distracted by the error made on steering wheel sensors,yes
P18,3047.0,3049.0,2.0,,others,expressway,,,,,,yes,,yes
P18,3102.0,3102.0,0.0,,Vol-up/down,expressway,,,,,,no,one swipe up,yes
P18,3104.7,3105.25,0.5500000000001819,,others,expressway,deviated from the lane to right,,,,,yes,"looking at the phone, an error on stw",yes
P18,3143.55,3144.5,0.9499999999998181,,others,expressway,,,,,,yes,"looking at the phone, an error on stw",yes
P18,3146.0,3146.0,0.0,,forward/backward,expressway,about to takeover,,,,,no,,yes
P18,3210.7,3211.5,0.8000000000001819,,forward/backward,expressway,deviated from the lane to right,,,,,yes,unsuccessful gesture,yes
P18,3216.65,3216.85,0.1999999999998181,,Vol-up/down,expressway,,,,,,yes,two swipe down,yes
P18,3221.0,3221.0,0.0,,Vol-up/down,expressway,,,,,,no,one swipe up,yes
P18,3339.0,3339.0,0.0,,pause/play,urban,while pulling away,,,,,no,,yes
P18,3403.0,3403.0,0.0,,pause/play,urban,,,,,,no,,yes
P18,3413.0,3413.0,0.0,,pause/play,urban,while turning,,,,,no,went over the sidewalk and an error occured on stw sensors.,yes
P18,3422.0,3422.5,0.5,,others,urban,close to a turn,,,,,yes,looking at the phone to figure our what happened--seeking status of player,yes
P18,3424.45,3426.55,2.100000000000364,,forward/backward,urban,"close to a turn, braking to stop a car",,,,,yes,"unsuccessful gesture, delayed to move because of error occured on stw",yes
P18,3432.0,3432.0,0.0,,forward/backward,urban,at the intersection,,,,,no,unsuccessful gesture,yes
P18,3435.2,3435.7,0.5,,forward/backward,urban,at the intersection,,,,,yes,unsuccessful gesture,yes
P18,3440.85,3441.85,1.0,,forward/backward,urban,close to a turn,,,,,yes,unsuccessful gesture,yes
P18,3506.0,3506.0,0.0,,pause/play,urban,while turning,,,,,no,,yes
P18,3514.05,3516.5,2.449999999999818,,others,urban,close to a turn about to turn,,,,,yes,"looking at the phone, an error on stw",yes
P18,3524.25,3524.75,0.5,,Vol-up/down,urban,close to a turn,,,,,yes,two swipe up,yes
P18,3532.0,3532.0,0.0,,Vol-up/down,urban,right before making turn,,,,,no,one swipe up,yes
P18,3544.0,3544.0,0.0,,Vol-up/down,urban,,,,,,no,one swipe up,yes
P18,3631.0,3632.7,1.699999999999818,,pause/play,urban,close to a turn about to turn,,,,,yes,looking at the phone for feedback after interaction,yes
P18,3639.4,3640.45,1.0499999999997272,,pause/play,urban,,,,,,yes,looking at the phone for feedback after interaction,yes
P18,3656.5,3657.1,0.599999999999909,,forward/backward,urban,close to a turn,,,,,yes,looking at the phone for feedback before interaction-unsuccessful interaction,yes
P18,3709.0,3709.0,0.0,,Vol-up/down,urban,,,,,,no,"song was paused by accident, two swipe up",yes
P18,3721.8,3721.8,0.0,,others,urban,,,,,,no,went over the sidewalk after a turn,yes
P18,3732.0,3732.0,0.0,,pause/play,urban,,,,,,no,,yes
P18,3756.8,3757.8,1.0,,others,urban,,,,,,yes,looking at the phone before interaction with seatbelt,yes
P18,3758.0,3758.0,0.0,,Vol-up/down,urban,,,,,,no,one swipe up,yes
P18,3800.0,3800.0,0.0,,forward/backward,urban,close to a turn,,,,,no,,yes
P18,3811.8,3814.0,2.199999999999818,,pause/play,urban,,,,,,yes,looking at the phone for feedback while interaction,yes
P19,3552.35,3553.15,0.8000000000001819,,others,expressway,,,,,,yes,looking at the phone,no
P19,3554.5,3555.2,0.6999999999998181,,others,expressway,,,,,,yes,looking at the phone,no
P19,3558.85,3559.45,0.599999999999909,,Vol-up/down,expressway,,,,,,yes,looking at the phone for feedback while interaction,no
P19,3606.7,3607.2,0.5,,others,expressway,,,,,,yes,looking at the phone,no
P19,3611.2,3611.8,0.6000000000003638,,others,expressway,,,,,,yes,looking at the phone,no
P19,3613.7,3614.7,1.0,,pause/play,expressway,,,,,,yes,looking at the phone for feedback after interaction,no
P19,3615.1,3615.7,0.599999999999909,,others,expressway,,,,,,yes,looking at the phone,no
P19,3617.35,3618.8,1.4500000000002728,,pause/play,expressway,,,,,,yes,looking at the phone for feedback after interaction,no
P19,3626.1,3627.0,0.900000000000091,,forward/backward,expressway,,,,,,yes,looking at the phone for feedback after interaction,no
P19,3630.7,3631.2,0.5,,others,expressway,,,,,,yes,looking at the phone,no
P19,3635.1,3635.5,0.40000000000009095,,forward/backward,expressway,,,,,,yes,looking at the phone for feedback while interaction,no
P19,3636.4,3637.4,1.0,,forward/backward,expressway,,,,,,yes,looking at the phone for feedback after interaction ,no
P19,3644.9,3646.1,1.199999999999818,,others,expressway,,,,,,yes,"looking at the phone, an error on stw",no
P19,3656.5,3657.15,0.650000000000091,,pause/play,expressway,,,,,,yes,looking at the phone for feedback after interaction,no
P19,3657.6,3658.5,0.900000000000091,,others,expressway,,,,,,yes,looking at the phone,no
P19,3700.4,3701.6,1.199999999999818,,forward/backward,expressway,,,,,,yes,looking at the phone for feedback after interaction--unsuccessful interaction,no
P19,3702.45,3702.85,0.40000000000009095,,others,expressway, close to a car on the other lane,,,,,yes,looking at the phone figuring out why nothing happened,no
P19,3704.45,3704.9,0.45000000000027285,,others,expressway,close to a car on the other lane,,,,,yes,,no
P19,3705.9,3706.9,1.0,,forward/backward,expressway,very close to a car on the other lane and deviated from the lane,,,,,yes,looking at the phone for feedback after interaction,no
P19,3736.35,3737.15,0.8000000000001819,,forward/backward,expressway,close to a car on the other lane,,,,,yes,looking at the phone for feedback after interaction--unsuccessful interaction,no
P19,3738.2,3739.4,1.2000000000002728,,forward/backward,expressway,close to a car on the other lane,,,,,yes,looking at the phone for feedback after interaction ,no
P19,3802.15,3803.35,1.199999999999818,,others,expressway,,,,,,yes,looking at the phone,no
P19,3808.65,3809.25,0.599999999999909,,pause/play,expressway,,,,,,yes,looking at the phone for feedback after interaction,no
P19,3814.65,3814.95,0.29999999999972715,,forward/backward,expressway,,,,,,yes,looking at the phone for feedback after interaction,no
P19,3839.9,3841.7,1.7999999999997272,,forward/backward,expressway,,,,,,yes,looking at the phone for feedback after interaction,no
P19,3846.45,3847.7,1.25,,forward/backward,expressway,,,,,,yes,looking at the phone for feedback while interaction--unsuccessful interaction,no
P19,3851.25,3852.7,1.449999999999818,,forward/backward,expressway,,,,,,yes,looking at the phone for feedback after interaction ,no
P19,3905.0,3905.0,0.0,,Vol-up/down,expressway,,,,,,no,,no
P19,3910.0,3910.0,0.0,,Vol-up/down,expressway,close to a front car,,,,,no,,no
P19,3930.65,3932.2,1.5499999999997272,,forward/backward,expressway,,,,,,yes,looking at the phone for feedback after interaction,no
P19,4155.95,4156.9,0.9499999999998181,,others,urban,while pulling away,,,,,yes,"looking at the phone, an error on stw",no
P19,4200.95,4201.65,0.6999999999998181,,others,urban,,,,,,yes,looking at the phone,no
P19,4205.2,4206.5,1.300000000000182,,forward/backward,urban,,,,,,yes,looking at the phone for feedback after interaction,no
P19,4209.75,4210.4,0.6499999999996362,,others,urban,close to a turn,,,,,yes,looking at the phone,no
P19,4210.5,4211.5,1.0,,others,urban,close to a turn,,,,,yes,,no
P19,4250.95,4251.4,0.4499999999998181,,pause/play,urban,close to an intersection,,,,,yes,looking at the phone for feedback after interaction,yes
P19,4252.2,4257.1,4.900000000000546,,forward/backward,,very close to an intersection and stopped,,,,,yes,"looking at the phone for feedback before/while/after interaction, unsuccessful interaction",yes
P19,4303.5,4307.3,3.800000000000182,,forward/backward,,"car was stopped before turn",,,,,yes,"looking at the phone for feedback before/while/after interaction, unsuccessful interaction",yes
P19,4307.85,4309.65,1.7999999999992724,,pause/play,urban,"car was stopped before turn",,,,,yes,,yes
P19,4322.0,4322.0,0.0,,Vol-up/down,urban,whie at a intersection,,,,,No,one swipe up,yes
P19,4327.0,4327.0,0.0,,forward/backward,urban,,,,,,no,unsuccessful gesture,yes
P19,4332.0,4332.0,0.0,,forward/backward,urban,close to a turn,,,,,no,,yes
P19,4336.6,4338.2,1.5999999999994543,,others,urban,about to make a turn,,,,,yes,looking at the phone,yes
P19,4349.0,4349.0,0.0,,Vol-up/down,urban,,,,,,no,one swipe up,yes
P19,4419.0,4419.0,0.0,,forward/backward,urban,,,,,,no,unsuccessful gesture,yes
P19,4423.4,4424.0,0.6000000000003638,,forward/backward,urban,close to a turn,,,,,yes,,yes
P19,4434.0,4434.0,0.0,,pause/play,urban,"car was stopped before turn",,,,,no,,yes
P19,4537.0,4537.0,0.0,,Vol-up/down,urban,,,,,,no,one swipe up,yes
P19,4546.0,4546.0,0.0,,Vol-up/down,urban,very close to a turn moving slowly ,,,,,no,one swipe down,yes
P19,4557.0,4557.0,0.0,,forward/backward,urban,very close to a turn moving slowly ,,,,,no,unsuccessful gesture for backward,yes
P19,4633.0,4633.0,0.0,,forward/backward,urban,,,,,,no,unsuccessful gesture for backward,yes
P19,4639.0,4639.0,0.0,,forward/backward,urban,,,,,,no,unsuccessful gesture for backward,yes
P19,4655.0,4655.0,0.0,,forward/backward,urban,,,,,,no,unsuccessful gesture for backward,yes
P19,4705.95,4707.35,1.4000000000005457,,pause/play,urban,very close to a turn moving slowly ,,,,,yes,,yes
P19,4709.6,4710.7,1.0999999999994543,,pause/play,urban,"car was stopped before turn",,,,,yes,unsuccessful gesture,yes
P19,4715.1,4718.0,2.899999999999636,,pause/play,urban,"car was stopped before turn",,,,,yes,unsuccessful gesture,yes
P02,0500.0,0502.6,2.6000000000000227,,Vol-up/down,expressway,,,,,,yes,"looking at the phone, an error on stw and song changed, 5 swipe up",No
P02,0511.5,0513.3,1.7999999999999545,,Vol-up/down,expressway,,,,,,yes,"looking at the phone for feedback after interaction, 2 swipe up",No
P02,0517.0,0517.45,0.4500000000000455,,forward/backward,expressway,,,,,,yes,"looking at the phone for feedback after interaction, as error happend didnt trust the sensors",No
P02,0518.05,0518.7,0.650000000000091,,forward/backward,expressway,deviated from the lane,,,,,yes,"looking at the phone for feedback, didtn touch the right place, unsuccessful gesture",No
P02,0519.45,0519.85,0.39999999999997726,,forward/backward,expressway,,,,,,,,No
P02,0520.25,0521.0,0.75,,forward/backward,expressway,,,,,,yes,looking at the phone for feedback before interaction,No
P02,0521.95,0523.95,2.0,,forward/backward,expressway,,,,,,,looking at the phone for feedback after interaction,No
P02,0524.1,0525.3,1.1999999999999318,,forward/backward,expressway,,,,,,yes,looking at the phone for feedback after interaction,No
P02,0526.0,0527.8,1.7999999999999545,,forward/backward,expressway,deviated from the lane,,,,,yes,looking at the phone for feedback while interaction,No
P02,0537.55,0542.65,5.100000000000023,,forward/backward,expressway,deviated from the lane,,,,,yes,"looking at the phone, testing the sensors until this interaction",No
P02,0545.25,0545.85,0.6000000000000227,,Vol-up/down,expressway,,,,,,yes,"looking at the phone for feedback after interaction, one complete swipe up and small swipe ups at the end",No
P02,0557.3,0558.2,0.900000000000091,,pause/play,expressway,,,,,,yes,looking at the phone for feedback after interaction,No
P02,0558.8,0559.8,1.0,,pause/play,expressway,,,,,,yes,looking at the phone for feedback after interaction,No
P02,0631.55,0632.0,0.4500000000000455,,others,expressway,very close to a car on the other lane and front car,,,,,yes,looking at the phone,No
P02,0650.25,0651.0,0.75,,others,expressway,very close to a car on the other lane and front car,,,,,yes,looking at the phone,No
P02,0700.0,0703.25,3.25,,others,expressway,very close to a car on the other lane,,,,,yes,"looking at the phone, got distracted from the error occured on stw",No
P02,0709.35,0710.2,0.8500000000000227,,forward/backward,expressway,very close to a car on the other lane and front car,,,,,yes,looking at the phone for feedback while interaction,No
P02,0711.55,0712.2,0.650000000000091,,forward/backward,expressway,very close to a car on the other lane and front car,,,,,yes,looking at the phone for feedback after interaction--unsuccessful interaction,No
P02,0716.25,0718.5,2.25,,forward/backward,expressway,very close to a car on the other lane and front car,,,,,yes,"looking at the phone for feedback after interaction, backward",No
P02,0727.2,0728.45,1.25,,forward/backward,expressway,very close to a car on the other lane and front car,,,,,yes,"looking at the phone for feedback after interaction, unsuccessful interaction, executing the gesture with the other hand for backward function",No
P02,0729.7,0733.55,3.849999999999909,,forward/backward,expressway,close to a car on the other lane,,,,,yes,"looking at the phone for feedback after interaction, executing the gesture with the other hand for backward function",No
P02,0736.95,0737.95,1.0,,forward/backward,expressway,"very close to a car on the other lane and front car, careless driving",,,,,yes,looking at the phone for feedback after interaction ,No
P02,0744.1,0744.9,0.7999999999999545,,pause/play,expressway,very close to a car on the other lane and front car,,,,,yes,"looking at the phone for feedback after interaction, mistakenly paused -- he was trying to lean his head on the headrest",No
P02,0745.5,0746.5,1.0,,pause/play,expressway,very close to a car on the other lane and front car,,,,,yes,looking at the phone for feedback after interaction,No
P02,0758.5,0759.1,0.6000000000000227,,Vol-up/down,expressway,very close to a car on the other lane and front car,,,,,yes,"looking at the phone for feedback after interaction, two swipes down, 4 swipes up fast",No
P02,0835.0,0835.0,0.0,,Vol-up/down,expressway,careless driving,,,,,no,"1 complete swipe up, 3 small swipe ups ",No
P02,0904.0,0904.0,0.0,,Vol-up/down,expressway,passed all the cars,,,,,no,"8 fast and loose swipe ups, help his fingure on the top  and one swipe down then one swipe up again",No
P02,5831.1,5831.5,0.3999999999996362,,others,urban,,,,,,yes,"looking at the phone, an error on stw",No
P02,5843.2,5844.7,1.5,,others,urban,close to a turn,,,,,yes,"looking at the phone, an error on stw",No
P02,5845.6,5846.25,0.6499999999996362,,forward/backward,urban,close to a turn,,,,,yes,looking at the phone for feedback after interaction,No
P02,5846.5,5847.45,0.9499999999998181,,Vol-up/down,urban,close to a turn,,,,,yes,6 sloose swipe ups on the upper side of the sensors,No
P02,5900.0,5903.0,3.0,,others,urban,about to make a turn,,,,,yes,"looking at the phone, an error on stw",No
P02,5912.6,5914.5,1.8999999999996362,,pause/play,urban,,,,,,yes,looking at the phone for feedback while/after interaction,No
P02,5939.45,5940.45,1.0,,others,urban,right after turn,,,,,yes,paused because of an error on stw,No
P02,5941.85,5944.3,2.449999999999818,,pause/play,urban,"very close to a turn, stopped before interaction get completed",,,,,yes,looking at the phone for feedback while/after interaction,No
P02,5946.7,5948.3,1.6000000000003638,,Vol-up/down,urban,about to make a turn,,,,,yes,3 loose swipe ups on the upper side of the sensors,No
P02,0005.8,0006.4,0.6000000000000005,,others,urban,very close to a turn,,,,,yes,looking at the phone,No
P02,0011.5,0012.75,1.25,,Vol-up/down,urban,right after turn,,,,,yes,4 loose swipe downs on the bottom side of the sensors,No
P02,0013.35,0015.35,2.0,,Vol-up/down,urban,,,,,,yes,"1 complete swipe up, 3 loose swipe ups on the upper side ",No
P02,0039.0,0040.2,1.2000000000000028,,others,urban,"car was stopped before turn",,,,,yes,"he mentioned he couldnt see the stitches and confused where to press, also the song changed because of an error on the stw",No
P02,0040.55,0041.75,1.2000000000000028,,forward/backward,urban,"car was stopped before turn ",,,,,yes,"unsuccessful gesture, he delayed moving forward",No
P02,0044.05,0044.5,0.45000000000000284,,forward/backward,urban,about to make a turn,,,,,yes,unsuccessful gesture with hold gesture,No
P02,0110.25,0110.9,0.6500000000000057,,Vol-up/down,urban,,,,,,yes,4 complete swipe ups and 2 loose swipe ups on the upper side,No
P02,0115.05,0115.6,0.5499999999999972,,Vol-up/down,urban,very close to an intersection,,,,,yes,4 very loose swipe ups on the upper side,No
P02,0134.95,0138.25,3.3000000000000114,,forward/backward,urban,very close to an intersection moving slowly ,,,,,yes,sensors on the stw didnt work anymore as their position changed,No
P02,0145.95,0147.0,1.0500000000000114,,others,urban,,,,,,yes,looking at the phone,No
P02,0151.2,0153.8,2.6000000000000227,,Vol-up/down,urban,close to a turn moving slowly,,,,,yes,"looking at the phone for feedback after interaction, 1 loose swipe up on the upper side, also when wanting to lean his head acidentally paused",No
P20,3702.1,3702.85,0.75,,forward/backward,expressway,close to a car on the other lane,,,,,yes,"unsuccessful gesture, double tap with one finger",yes
P20,3705.2,3705.95,0.75,,forward/backward,expressway,close to a front car,,,,,yes,looking at the phone for feedback after interaction,yes
P20,3707.55,3710.75,3.199999999999818,,others,expressway,close to a front car,,,,,yes,looking at the phone; working with the phone,yes
P20,3719.35,3720.3,0.9500000000002728,,Vol-up/down,expressway,close to a front car,,,,,yes,looking at the sensors to locate his hands on them; two swipe ups,yes
P20,3724.15,3724.5,0.34999999999990905,,Vol-up/down,expressway,,,,,,yes,looking at the phone for feedback after interaction,yes
P20,3744.0,3744.0,0.0,,pause/play,expressway,close to a car on the other lane,,,,,no,accidentally paused when leaning his head,yes
P20,3746.0,3746.0,0.0,,pause/play,expressway,close to a car on the other lane,,,,,no,,yes
P20,3801.0,3801.0,0.0,,forward/backward,expressway,very close to a car on the other lane,,,,,no,double tap with one finger,yes
P20,3824.95,3825.6,0.650000000000091,,others,expressway,,,,,,yes,looking at the phone,yes
P20,3840.0,3840.0,0.0,,Vol-up/down,expressway,close to a front car,,,,,no,two swipe ups with one finger,yes
P20,3931.65,3932.55,0.900000000000091,,others,expressway,,,,,,yes,looking at the phone,yes
P20,3937.7,3939.5,1.800000000000182,,others,expressway,close to a car on the other lane,,,,,yes,looking at the phone,yes
P20,3941.0,3941.0,0.0,,forward/backward,expressway,close to a car on the other lane,,,,,no,double tap with one finger,yes
P20,3952.0,3952.0,0.0,,Vol-up/down,expressway,,,,,,no,"two swipe down with one finger, few moments pause, then one complete swipe up and three small swipe ups on the upper side with one finger",yes
P20,4035.0,4035.0,0.0,,Vol-up/down,expressway,,,,,,no,one swipe down with one finger,yes
P20,4104.0,4104.0,0.0,,forward/backward,expressway,close to a car on the other lane,,,,,no,unsuccessful gesture with hold gesture and double tap with one finger for backward function,yes
P20,4110.0,4110.0,0.0,,forward/backward,expressway,close to a car on the other lane,,,,,no,,yes
P20,4124.0,4124.0,0.0,,Vol-up/down,expressway,,,,,,no,three swipe ups with one finger,yes
P20,4124.3,4125.35,1.050000000000182,,others,expressway,,,,,,yes,looking at the sensors on seatbelt after interaction,yes
P20,4325.0,4325.0,0.0,,Vol-up/down,urban,at an intersection,,,,,no,5 swipe ups,yes
P20,4327.55,4328.15,0.5999999999994543,,others,urban,at an intersection,,,,,yes,looking at the sensors on seatbelt after interaction,yes
P20,4349.0,4349.0,0.0,,forward/backward,urban,before turn about to make a turn,,,,,no,"double tap with one finger, unsuccessful gesture",yes
P20,4349.0,4349.0,0.0,,forward/backward,urban,before turn about to make a turn,,,,,no, hold gesture,yes
P20,4349.0,4349.0,0.0,,forward/backward,urban,before turn about to make a turn,,,,,no,hold gesture,yes
P20,4349.0,4349.0,0.0,,forward/backward,urban,before turn about to make a turn,,,,,no,hold gesture,yes
P20,4349.0,4349.0,0.0,,forward/backward,urban,before turn about to make a turn,,,,,no,double tap with one finger ,yes
P20,4416.0,4416.0,0.0,,Vol-up/down,urban,close to a front car,,,,,no,two swipe down with one finger,yes
P20,4423.0,4423.0,0.0,,forward/backward,urban,"car was stopped before turn",,,,,no,hold gesture,yes
P20,4423.0,4423.0,0.0,,forward/backward,urban,"car was stopped before turn",,,,,no,"double tap with one finger, unsuccessful gesture",yes
P20,4423.0,4423.0,0.0,,forward/backward,urban,"car was stopped before turn",,,,,no,hold gesture,yes
P20,4423.0,4423.0,0.0,,forward/backward,urban,"car was stopped before turn",,,,,no,hold gesture,yes
P20,4423.0,4423.0,0.0,,forward/backward,urban,"car was stopped before turn",,,,,no,hold gesture,yes
P20,4423.0,4423.0,0.0,,forward/backward,urban,before turn about to make a turn,,,,,no,double tap with one finger ,yes
P20,4450.0,4450.0,0.0,,Vol-up/down,urban,,,,,,no,three swipe ups with one finger,yes
P20,4452.0,4452.0,0.0,,forward/backward,urban,,,,,,no,hold gesture,yes
P20,4515.1,4515.1,0.0,,Vol-up/down,urban,"car was stopped before an intersection",,,,,no,one swipe down with one finger,yes
P20,4526.0,4526.0,0.0,,forward/backward,urban,close to an intersection,,,,,no,,yes
P20,4528.0,4528.0,0.0,,forward/backward,urban,at an intersection,,,,,no,double tap with one finger,yes
P20,4531.85,4532.7,0.8499999999994543,,others,urban,,,,,,yes,looking at the phone,yes
P20,4533.0,4533.0,0.0,,Vol-up/down,urban,close to an intersection,,,,,no,two swipe ups with one finger,yes
P20,4542.0,4542.0,0.0,,Vol-up/down,urban,,,,,,no,two swipe ups with one finger,yes
P20,4604.0,4604.0,0.0,,forward/backward,urban,,,,,,no,"double tap with one finger, unsuccessful gesture",yes
P20,4604.0,4604.0,0.0,,forward/backward,urban,,,,,,no, hold gesture,yes
P20,4604.0,4604.0,0.0,,forward/backward,urban,,,,,,no,hold gesture,yes
P20,4604.0,4604.0,0.0,,forward/backward,urban,,,,,,no,hold gesture,yes
P20,4605.0,4605.0,0.0,,forward/backward,urban,close to an intersection,,,,,no,hold gesture,yes
P20,4606.0,4606.0,0.0,,Vol-up/down,urban,close to an intersection,,,,,no,two swipe down with one finger,yes
P20,4703.0,4703.0,0.0,,others,urban,,,,,,no,crashed as overtaking the front car,yes
P20,4723.0,4723.0,0.0,,pause/play,urban,at an intersection,,,,,no,,yes
P20,4738.0,4738.0,0.0,,pause/play,urban,close to an intersection,,,,,no,,yes
P20,4859.0,4859.0,0.0,,Vol-up/down,urban,at an intersection,,,,,no,three swipe ups with one finger,yes
